id,first_name,last_name,email,gender,ip_address
1,Gualterio,Adderson,gadderson0@xrea.com,Male,29.33.204.120
2,Herschel,Gonnel,hgonnel1@trellian.com,Male,87.74.82.142
3,Gwenora,Hanwright,ghanwright2@hostgator.com,Female,174.161.215.157
4,Staford,Fairney,sfairney3@walmart.com,Male,25.172.195.246
5,Tamma,Curm,tcurm4@behance.net,Female,109.32.56.164
6,Annice,Baldini,abaldini5@storify.com,Female,249.211.186.182
7,Malinda,Woolens,mwoolens6@bbc.co.uk,Female,59.218.218.122
8,Valdemar,Delia,vdelia7@instagram.com,Male,43.21.247.176
9,Nickey,Edmondson,nedmondson8@si.edu,Male,247.118.214.121
10,Noe,Offord,nofford9@linkedin.com,Male,68.53.61.61
11,Torrie,Yukhnini,tyukhninia@cpanel.net,Female,148.163.41.68
12,Buddy,Flipek,bflipekb@xrea.com,Male,240.255.127.169
13,Rob,Calveley,rcalveleyc@amazon.de,Male,225.109.141.127
14,Bee,Bamsey,bbamseyd@eventbrite.com,Female,164.57.199.148
15,Dorine,Nevins,dnevinse@istockphoto.com,Female,230.174.49.82
16,Christy,Gemlbett,cgemlbettf@imageshack.us,Female,129.168.38.140
17,Joly,Farquarson,jfarquarsong@indiegogo.com,Female,254.185.181.220
18,Owen,Loynes,oloynesh@pcworld.com,Male,21.155.183.231
19,Alick,Kinghorn,akinghorni@bizjournals.com,Male,33.37.198.158
20,Jere,Abbiss,jabbissj@walmart.com,Male,156.189.211.134
21,Shelia,Bresnahan,sbresnahank@blogtalkradio.com,Female,172.155.232.3
22,Verla,Chevins,vchevinsl@howstuffworks.com,Female,50.4.24.87
23,Alberik,Luberti,alubertim@forbes.com,Male,47.189.55.1
24,Lucita,Loines,lloinesn@hexun.com,Female,168.133.50.229
25,Garnette,Boot,gbooto@networkadvertising.org,Female,255.36.26.14
26,Merle,Scamadin,mscamadinp@unesco.org,Male,27.96.26.85
27,Jefferson,Blose,jbloseq@oracle.com,Male,86.133.60.30
28,Eddy,Patroni,epatronir@umn.edu,Female,67.177.165.96
29,Wilmer,Mitro,wmitros@arizona.edu,Male,54.206.234.184
30,Rodger,Yandell,ryandellt@pcworld.com,Male,125.44.233.25
31,Rebekah,Maudlin,rmaudlinu@sitemeter.com,Female,130.97.197.219
32,Rufus,Murtimer,rmurtimerv@google.ru,Male,232.247.172.108
33,Donetta,Hemmingway,dhemmingwayw@gravatar.com,Female,206.41.28.100
34,Caesar,Torry,ctorryx@delicious.com,Male,60.162.124.196
35,Sheffield,Zukierman,szukiermany@fastcompany.com,Male,236.231.143.255
36,Symon,Heynen,sheynenz@umich.edu,Male,176.180.241.138
37,Phip,Gillings,pgillings10@soundcloud.com,Male,166.230.80.251
38,Templeton,Mustoo,tmustoo11@cnet.com,Male,198.176.160.87
39,Cindelyn,Jurick,cjurick12@addthis.com,Female,244.128.172.10
40,Eal,MacMenamie,emacmenamie13@youtu.be,Male,9.198.212.84
41,Stavro,Boliver,sboliver14@msu.edu,Male,196.34.154.155
42,Margie,Monget,mmonget15@altervista.org,Female,34.38.55.208
43,Filberte,Du Fray,fdufray16@myspace.com,Male,149.40.246.175
44,Calli,Longstreet,clongstreet17@nps.gov,Female,215.141.231.248
45,Timi,Hickford,thickford18@rambler.ru,Female,80.143.214.71
46,Forbes,Colleymore,fcolleymore19@vkontakte.ru,Male,41.189.64.190
47,Annalise,Signorelli,asignorelli1a@chron.com,Female,23.97.176.99
48,Stephan,Lashford,slashford1b@unesco.org,Male,31.62.151.61
49,Zorana,Pogson,zpogson1c@tripadvisor.com,Female,99.181.138.155
50,Shurlock,Ginnally,sginnally1d@time.com,Male,246.168.117.246
51,Margie,McCulley,mmcculley1e@seattletimes.com,Female,209.240.16.198
52,Nealson,Shayes,nshayes1f@dell.com,Male,62.148.82.136
53,Edan,Shuker,eshuker1g@blogtalkradio.com,Male,133.175.146.181
54,Park,Stych,pstych1h@pinterest.com,Male,255.53.230.210
55,Donna,Pinyon,dpinyon1i@rambler.ru,Female,240.98.249.73
56,Alex,Postins,apostins1j@addtoany.com,Male,69.143.212.152
57,Benn,Cholwell,bcholwell1k@spotify.com,Male,197.242.4.141
58,Vivien,Tipling,vtipling1l@imageshack.us,Female,209.6.228.217
59,Jorge,Brewers,jbrewers1m@canalblog.com,Male,129.162.215.251
60,Timothee,Piwall,tpiwall1n@plala.or.jp,Male,132.108.40.69
61,Ettore,Clendennen,eclendennen1o@usnews.com,Male,77.120.62.49
62,Jerrie,Larive,jlarive1p@bloglines.com,Male,62.36.58.102
63,Haley,Collingworth,hcollingworth1q@upenn.edu,Male,86.226.224.95
64,Timothee,Horburgh,thorburgh1r@uol.com.br,Male,48.65.245.199
65,Nerissa,Dudin,ndudin1s@macromedia.com,Female,193.66.168.151
66,Evangelin,Boissier,eboissier1t@senate.gov,Female,70.231.97.170
67,Stafani,Arpin,sarpin1u@abc.net.au,Female,110.48.145.211
68,Fletch,Scholes,fscholes1v@google.co.uk,Male,136.114.145.180
69,Zane,Hilbourne,zhilbourne1w@google.ru,Male,71.155.228.75
70,Mellisent,Alanbrooke,malanbrooke1x@sina.com.cn,Female,156.123.185.48
71,Cacilia,Fidgeon,cfidgeon1y@dedecms.com,Female,4.178.20.243
72,Jenilee,Baddeley,jbaddeley1z@homestead.com,Female,79.17.222.49
73,Claudia,MacElholm,cmacelholm20@ezinearticles.com,Female,28.205.44.252
74,Lucien,Georgeon,lgeorgeon21@time.com,Male,90.50.27.174
75,Farlie,Railton,frailton22@taobao.com,Male,157.47.56.234
76,Lotta,Benyan,lbenyan23@fda.gov,Female,135.32.50.217
77,Elden,Beadham,ebeadham24@howstuffworks.com,Male,38.141.99.89
78,Wallas,Bolland,wbolland25@ihg.com,Male,123.215.24.151
79,Costanza,Hirjak,chirjak26@fastcompany.com,Female,181.163.64.186
80,Jefferey,Udall,judall27@hp.com,Male,130.214.32.60
81,Margery,Oles,moles28@wp.com,Female,154.84.49.237
82,Ailyn,Beadle,abeadle29@craigslist.org,Female,40.151.171.12
83,Leonelle,O'Concannon,loconcannon2a@usa.gov,Female,45.6.197.55
84,Carlin,Blayney,cblayney2b@wisc.edu,Male,57.223.194.126
85,Charmaine,Kleinhausen,ckleinhausen2c@ibm.com,Female,102.27.117.9
86,Brew,Dunton,bdunton2d@webnode.com,Male,210.61.9.111
87,Roshelle,Korneev,rkorneev2e@sitemeter.com,Female,61.211.0.131
88,Chase,Aleksich,caleksich2f@google.it,Male,19.21.217.130
89,Penrod,Strode,pstrode2g@globo.com,Male,108.75.87.39
90,Jackqueline,Sander,jsander2h@ovh.net,Female,120.210.3.94
91,Iolande,Tickel,itickel2i@technorati.com,Female,122.176.225.244
92,Chickie,Hornbuckle,chornbuckle2j@dion.ne.jp,Female,163.43.149.13
93,Nani,Fruchon,nfruchon2k@tinyurl.com,Female,158.58.165.231
94,Cosmo,Caulcott,ccaulcott2l@slideshare.net,Male,27.230.209.31
95,Anthe,Mc Coughan,amccoughan2m@nytimes.com,Female,165.154.108.68
96,Haven,Snap,hsnap2n@flavors.me,Male,244.10.171.87
97,Laurella,Kopisch,lkopisch2o@ed.gov,Female,39.136.144.79
98,Nancey,Dugall,ndugall2p@livejournal.com,Female,9.87.187.119
99,Hi,Iveagh,hiveagh2q@parallels.com,Male,118.143.50.232
100,Michal,Trusslove,mtrusslove2r@reddit.com,Male,165.43.7.19
101,Tirrell,Cardenosa,tcardenosa2s@arizona.edu,Male,126.206.192.181
102,Gerrard,McCraine,gmccraine2t@google.pl,Male,190.134.98.188
103,Krystalle,Pfleger,kpfleger2u@cnn.com,Female,30.35.75.50
104,Shell,Crowche,scrowche2v@si.edu,Male,219.229.98.237
105,Cliff,Gorham,cgorham2w@msn.com,Male,94.18.106.28
106,Wittie,Iacivelli,wiacivelli2x@skype.com,Male,67.158.198.147
107,Ross,Edlyne,redlyne2y@etsy.com,Male,248.229.43.66
108,Vinnie,Klus,vklus2z@smugmug.com,Male,13.112.13.242
109,Vale,Preedy,vpreedy30@flickr.com,Male,235.106.72.62
110,Mikel,Kettoe,mkettoe31@msu.edu,Male,241.226.70.180
111,Richy,Linggard,rlinggard32@360.cn,Male,179.194.78.84
112,Lamar,Rawstorn,lrawstorn33@theglobeandmail.com,Male,56.119.97.254
113,Frank,Retchford,fretchford34@nps.gov,Male,202.13.219.232
114,Carita,Lammers,clammers35@example.com,Female,126.209.66.182
115,Tiffie,Nattrass,tnattrass36@ed.gov,Female,250.115.127.178
116,Ethan,Headington,eheadington37@alibaba.com,Male,248.189.49.4
117,Cassaundra,Polino,cpolino38@ucla.edu,Female,30.130.86.186
118,Lyndel,Kingscote,lkingscote39@howstuffworks.com,Female,71.183.253.252
119,Wallace,Dreini,wdreini3a@globo.com,Male,119.115.143.187
120,Yankee,Horsted,yhorsted3b@cdc.gov,Male,254.130.146.55
121,Bordy,Gimblett,bgimblett3c@hubpages.com,Male,37.100.196.46
122,Katy,Nolli,knolli3d@amazon.co.uk,Female,169.176.84.200
123,Cami,McKernan,cmckernan3e@japanpost.jp,Female,237.24.140.169
124,Oates,Hagerty,ohagerty3f@reverbnation.com,Male,30.87.12.146
125,Derward,Loadsman,dloadsman3g@upenn.edu,Male,91.220.171.136
126,Trip,Caplan,tcaplan3h@google.nl,Male,192.215.16.102
127,Elvis,Critoph,ecritoph3i@amazon.co.jp,Male,29.136.250.175
128,Arnie,Tomaello,atomaello3j@altervista.org,Male,190.81.46.134
129,Court,Khalid,ckhalid3k@cloudflare.com,Male,136.174.142.107
130,Casi,Gierek,cgierek3l@elpais.com,Female,7.154.255.130
131,Gillian,Leacock,gleacock3m@sbwire.com,Female,147.131.8.235
132,Jo ann,Truter,jtruter3n@w3.org,Female,176.118.207.94
133,Shaine,Easthope,seasthope3o@e-recht24.de,Female,45.170.86.202
134,Meggy,Tiddy,mtiddy3p@linkedin.com,Female,72.127.199.121
135,Andrea,Phizaclea,aphizaclea3q@gmpg.org,Female,167.153.252.75
136,Roy,Hellin,rhellin3r@google.nl,Male,30.121.131.7
137,Alfredo,Eveque,aeveque3s@washington.edu,Male,103.118.233.70
138,Sebastian,Cartmael,scartmael3t@samsung.com,Male,147.72.10.83
139,Stanton,Malt,smalt3u@amazonaws.com,Male,196.52.48.215
140,Amil,Orford,aorford3v@edublogs.org,Female,243.16.90.2
141,Shurlocke,Dwane,sdwane3w@ask.com,Male,111.246.194.116
142,Iain,Bysouth,ibysouth3x@ycombinator.com,Male,168.14.127.123
143,Garrot,Bard,gbard3y@hexun.com,Male,68.219.88.103
144,Reagan,Karolowski,rkarolowski3z@adobe.com,Male,185.153.165.128
145,Lyon,Vallintine,lvallintine40@craigslist.org,Male,113.38.57.113
146,Lonny,Dykes,ldykes41@hexun.com,Male,70.157.128.94
147,Jacques,Wippermann,jwippermann42@jigsy.com,Male,181.102.33.111
148,Terrell,Antonignetti,tantonignetti43@cornell.edu,Male,66.250.148.208
149,Annadiane,Berrygun,aberrygun44@archive.org,Female,10.125.12.131
150,Loree,Balk,lbalk45@timesonline.co.uk,Female,201.17.187.80
151,Colman,Haslewood,chaslewood46@imageshack.us,Male,227.0.82.93
152,Beauregard,Fermor,bfermor47@washingtonpost.com,Male,199.151.96.56
153,Zachariah,Woolacott,zwoolacott48@1und1.de,Male,212.128.211.246
154,Gabriellia,Szymanski,gszymanski49@shareasale.com,Female,16.250.83.9
155,Lyell,Steffan,lsteffan4a@google.com.au,Male,105.168.88.43
156,Reade,Bogace,rbogace4b@twitpic.com,Male,13.30.64.169
157,Jeffie,Neggrini,jneggrini4c@omniture.com,Male,237.60.166.209
158,Briano,Tabor,btabor4d@army.mil,Male,63.52.246.176
159,Gard,Foottit,gfoottit4e@dedecms.com,Male,221.220.152.50
160,Ilise,Domingues,idomingues4f@aol.com,Female,223.167.4.62
161,Wilow,Sambeck,wsambeck4g@vk.com,Female,196.53.72.33
162,Ivan,Petrelli,ipetrelli4h@dropbox.com,Male,4.140.23.236
163,Vivi,McEllen,vmcellen4i@bbc.co.uk,Female,86.138.122.176
164,Elise,Treleven,etreleven4j@loc.gov,Female,153.210.182.116
165,Kiah,Pottie,kpottie4k@globo.com,Female,91.83.227.106
166,Emlyn,Jamrowicz,ejamrowicz4l@sbwire.com,Female,66.155.207.208
167,Tabatha,Chelam,tchelam4m@cdbaby.com,Female,227.150.245.187
168,Alair,Jahndel,ajahndel4n@hp.com,Male,12.67.62.211
169,Maddi,Lamburne,mlamburne4o@rakuten.co.jp,Female,189.194.98.21
170,Stafford,Massel,smassel4p@soup.io,Male,250.217.143.132
171,Cord,MacPike,cmacpike4q@about.com,Male,78.34.18.3
172,Joaquin,Lasselle,jlasselle4r@cyberchimps.com,Male,62.52.12.75
173,Frazer,Inchan,finchan4s@earthlink.net,Male,23.223.147.22
174,Alaric,Sprake,asprake4t@biglobe.ne.jp,Male,232.145.14.195
175,Darnall,Becom,dbecom4u@amazon.com,Male,224.207.84.73
176,Trstram,Worling,tworling4v@indiatimes.com,Male,172.219.192.239
177,Haily,Kimbly,hkimbly4w@etsy.com,Female,234.216.108.38
178,Lucille,Wahner,lwahner4x@icio.us,Female,198.40.21.71
179,Marlin,Dondon,mdondon4y@vistaprint.com,Male,129.186.174.133
180,Nevin,Valek,nvalek4z@java.com,Male,94.185.64.188
181,Christian,Agiolfinger,cagiolfinger50@cbc.ca,Male,29.216.4.68
182,Ryley,Pennyman,rpennyman51@youku.com,Male,221.87.235.251
183,Vassili,Radnedge,vradnedge52@hhs.gov,Male,113.207.104.53
184,Dolley,Vallerine,dvallerine53@so-net.ne.jp,Female,209.69.60.117
185,Ansley,Bultitude,abultitude54@nsw.gov.au,Female,146.132.29.223
186,Brittany,Ogles,bogles55@reference.com,Female,229.93.41.70
187,Mellisent,Trotman,mtrotman56@flickr.com,Female,136.121.27.131
188,Melisa,Probetts,mprobetts57@mapy.cz,Female,211.180.78.71
189,Jedidiah,Cregan,jcregan58@narod.ru,Male,182.233.43.146
190,Eva,Buttwell,ebuttwell59@artisteer.com,Female,116.40.144.108
191,Germaine,Rembrant,grembrant5a@mail.ru,Male,149.8.3.239
192,Gayla,Goodbarne,ggoodbarne5b@bbc.co.uk,Female,73.165.199.4
193,Danya,Longridge,dlongridge5c@icq.com,Male,228.68.58.38
194,Freeman,Trace,ftrace5d@ask.com,Male,60.160.191.216
195,Toddie,Brignall,tbrignall5e@nationalgeographic.com,Male,137.44.68.102
196,Regan,Checci,rchecci5f@mail.ru,Male,31.138.4.2
197,Eartha,Comettoi,ecomettoi5g@studiopress.com,Female,95.36.181.190
198,Tressa,Lucock,tlucock5h@shop-pro.jp,Female,144.59.203.3
199,Sibby,Saich,ssaich5i@dion.ne.jp,Female,36.24.22.139
200,Rubi,Senn,rsenn5j@bloomberg.com,Female,97.131.235.8
201,Gerti,Goodsall,ggoodsall5k@alexa.com,Female,191.224.7.193
202,Sunshine,Cammish,scammish5l@zdnet.com,Female,195.148.32.92
203,Kerrin,Himpson,khimpson5m@fda.gov,Female,165.187.223.195
204,Sarita,Heaffey,sheaffey5n@tinyurl.com,Female,222.219.99.99
205,Rosco,Bouller,rbouller5o@bluehost.com,Male,65.178.165.11
206,Marcellus,O'Hickey,mohickey5p@shareasale.com,Male,140.207.254.162
207,Violette,Clemont,vclemont5q@gnu.org,Female,21.10.184.132
208,Corly,Cannicott,ccannicott5r@ebay.com,Female,62.127.89.197
209,Constanta,Bicker,cbicker5s@woothemes.com,Female,171.136.149.213
210,Marilyn,Minchinden,mminchinden5t@ezinearticles.com,Female,118.191.169.101
211,Harper,de'-Ancy Willis,hdeancywillis5u@bloglovin.com,Male,252.218.183.150
212,Kevan,Hatherley,khatherley5v@deliciousdays.com,Male,106.97.156.47
213,Tedman,Yurocjkin,tyurocjkin5w@eventbrite.com,Male,65.128.17.95
214,Thorny,McCutheon,tmccutheon5x@eepurl.com,Male,33.51.49.23
215,Richart,Tingley,rtingley5y@blogtalkradio.com,Male,90.52.40.61
216,Silvain,Henderson,shenderson5z@freewebs.com,Male,231.64.132.43
217,Travis,Le Sieur,tlesieur60@posterous.com,Male,80.188.232.99
218,Tomlin,Lestor,tlestor61@zimbio.com,Male,105.119.22.1
219,Danielle,Stirling,dstirling62@51.la,Female,61.251.144.105
220,Clayson,Yakhin,cyakhin63@wufoo.com,Male,173.255.140.80
221,Carmine,Bowerbank,cbowerbank64@blogs.com,Female,221.9.71.250
222,Beulah,Prin,bprin65@opensource.org,Female,214.219.15.186
223,Hastings,Petrushkevich,hpetrushkevich66@ca.gov,Male,170.70.13.15
224,Pall,McCaster,pmccaster67@cnn.com,Male,92.190.112.138
225,Corrie,Jendrich,cjendrich68@ucoz.ru,Male,111.78.57.1
226,Kori,Miall,kmiall69@boston.com,Female,83.189.122.178
227,Fancie,Capron,fcapron6a@indiegogo.com,Female,107.246.79.140
228,Fionnula,Geerits,fgeerits6b@artisteer.com,Female,103.133.244.232
229,Orbadiah,Du Barry,odubarry6c@live.com,Male,45.108.32.56
230,Temple,Godspeede,tgodspeede6d@stanford.edu,Male,121.109.121.133
231,Shandra,Ilett,silett6e@is.gd,Female,145.137.123.126
232,Pauly,Mangin,pmangin6f@yellowbook.com,Male,101.188.168.26
233,Gwenny,Westgarth,gwestgarth6g@ibm.com,Female,34.100.54.78
234,Broderic,Panks,bpanks6h@photobucket.com,Male,41.87.51.17
235,Nicolle,Bedham,nbedham6i@skype.com,Female,84.203.165.195
236,Pacorro,Iveans,piveans6j@domainmarket.com,Male,44.14.147.8
237,Manny,Bissex,mbissex6k@bandcamp.com,Male,173.221.220.197
238,Chelsey,Crottagh,ccrottagh6l@issuu.com,Female,180.179.25.7
239,Willow,Ghion,wghion6m@squarespace.com,Female,222.1.45.227
240,Adolph,Kolak,akolak6n@merriam-webster.com,Male,70.56.122.228
241,Pepi,Ovanesian,povanesian6o@hao123.com,Female,113.42.47.14
242,Bartlet,De la Feld,bdelafeld6p@pen.io,Male,6.95.50.181
243,Lonnie,Beardsell,lbeardsell6q@nhs.uk,Female,186.240.182.219
244,Carmen,Doe,cdoe6r@foxnews.com,Female,200.17.59.180
245,Lesya,Radbone,lradbone6s@google.de,Female,167.127.49.71
246,Guido,Coulthard,gcoulthard6t@slideshare.net,Male,222.7.253.111
247,Ernest,Dewsbury,edewsbury6u@yellowpages.com,Male,79.204.114.229
248,Elroy,Martinho,emartinho6v@bbb.org,Male,31.185.73.247
249,Kyla,Bellhanger,kbellhanger6w@sun.com,Female,176.8.126.84
250,Em,Garnul,egarnul6x@slashdot.org,Male,194.105.241.31
251,Brennen,McCreary,bmccreary6y@state.gov,Male,192.99.179.17
252,Gussi,Maccrie,gmaccrie6z@nymag.com,Female,16.65.77.26
253,Brian,Sadler,bsadler70@creativecommons.org,Male,193.178.116.200
254,Tabby,Ketteringham,tketteringham71@latimes.com,Female,172.3.42.230
255,Winne,Mattam,wmattam72@moonfruit.com,Female,247.139.62.97
256,Lorrin,McFetridge,lmcfetridge73@sun.com,Female,145.119.204.76
257,Micheal,Abraham,mabraham74@about.me,Male,212.58.140.129
258,Forrester,Gyngyll,fgyngyll75@google.cn,Male,223.86.81.242
259,Carly,Juara,cjuara76@unc.edu,Male,6.109.145.247
260,Milo,Schuricht,mschuricht77@google.ca,Male,4.212.15.78
261,Allin,Deerness,adeerness78@dagondesign.com,Male,251.170.211.227
262,Ula,Setford,usetford79@posterous.com,Female,48.211.214.104
263,Ferdy,Ivashinnikov,fivashinnikov7a@samsung.com,Male,62.81.1.3
264,Raquela,Smillie,rsmillie7b@360.cn,Female,58.185.122.143
265,Orsa,Bramont,obramont7c@behance.net,Female,29.158.148.97
266,Donn,Dugood,ddugood7d@smh.com.au,Male,82.136.88.161
267,Miranda,Suckling,msuckling7e@github.io,Female,199.246.155.137
268,Damara,Rennard,drennard7f@tripadvisor.com,Female,52.1.187.78
269,Judon,Glasbey,jglasbey7g@liveinternet.ru,Male,181.33.63.80
270,Bucky,Fritz,bfritz7h@census.gov,Male,157.14.164.87
271,Leonhard,Brideau,lbrideau7i@shinystat.com,Male,237.222.28.188
272,Rockwell,Cowlishaw,rcowlishaw7j@cam.ac.uk,Male,241.14.99.109
273,Brandy,Ivain,bivain7k@hao123.com,Female,164.151.174.88
274,Kaine,Collman,kcollman7l@ebay.co.uk,Male,178.1.113.251
275,Tamarra,Rumsby,trumsby7m@tmall.com,Female,71.243.157.197
276,Phaedra,Hapke,phapke7n@psu.edu,Female,107.224.125.181
277,Gabriel,Ledwith,gledwith7o@moonfruit.com,Male,91.8.87.233
278,Merilyn,Sparrow,msparrow7p@issuu.com,Female,243.29.87.78
279,Jervis,Millen,jmillen7q@go.com,Male,222.92.110.119
280,Jerome,Barson,jbarson7r@auda.org.au,Male,246.218.27.128
281,Julietta,Clere,jclere7s@shinystat.com,Female,133.58.181.225
282,Enrika,Hattoe,ehattoe7t@washingtonpost.com,Female,96.127.38.152
283,Fidela,Mannin,fmannin7u@flavors.me,Female,185.108.113.34
284,Mikey,Paske,mpaske7v@bbb.org,Male,60.132.249.188
285,Keriann,Evequot,kevequot7w@google.ca,Female,90.88.109.49
286,Melinde,Jaynes,mjaynes7x@themeforest.net,Female,254.28.34.227
287,Roseanna,Oldfield,roldfield7y@unesco.org,Female,145.179.251.151
288,Iseabal,Treadaway,itreadaway7z@ezinearticles.com,Female,6.43.52.126
289,Chelsie,Monketon,cmonketon80@list-manage.com,Female,52.94.125.180
290,Luca,Warrener,lwarrener81@addthis.com,Male,250.203.149.255
291,Violet,Dimitrijevic,vdimitrijevic82@jimdo.com,Female,149.223.223.185
292,Lisabeth,Reavell,lreavell83@redcross.org,Female,85.223.253.186
293,Curr,Varfalameev,cvarfalameev84@lycos.com,Male,204.97.94.35
294,Sibby,Prettyjohns,sprettyjohns85@businessweek.com,Female,143.227.204.114
295,Christyna,Osgorby,cosgorby86@craigslist.org,Female,73.69.78.93
296,Hughie,Navarre,hnavarre87@sfgate.com,Male,2.92.243.192
297,Remus,Gullick,rgullick88@163.com,Male,65.200.132.128
298,Debi,Tagg,dtagg89@livejournal.com,Female,201.30.78.90
299,Gwenore,Dundredge,gdundredge8a@google.ca,Female,197.166.136.47
300,Gerri,Gerrett,ggerrett8b@mit.edu,Male,51.156.116.173
301,Dunn,Landrean,dlandrean8c@google.com.hk,Male,130.149.243.195
302,Stephine,MacClenan,smacclenan8d@wunderground.com,Female,10.186.61.207
303,Manny,Le Prevost,mleprevost8e@imageshack.us,Male,229.135.6.42
304,Alida,Stockport,astockport8f@naver.com,Female,34.209.138.24
305,Sigfrid,Devanney,sdevanney8g@histats.com,Male,158.225.80.238
306,Gaile,Woodage,gwoodage8h@scribd.com,Male,136.135.155.202
307,Malanie,Eastwell,meastwell8i@live.com,Female,75.57.120.126
308,Arney,Rewan,arewan8j@nationalgeographic.com,Male,119.14.123.204
309,Ilysa,Blakeden,iblakeden8k@va.gov,Female,105.178.41.226
310,Crawford,Embury,cembury8l@ox.ac.uk,Male,165.137.30.182
311,Gregory,Eddison,geddison8m@wordpress.com,Male,58.83.117.196
312,Tracie,Baldock,tbaldock8n@angelfire.com,Male,204.43.43.150
313,Arlen,McFayden,amcfayden8o@opensource.org,Male,192.89.243.151
314,Aridatha,Rosenblum,arosenblum8p@statcounter.com,Female,169.108.125.91
315,Rozanna,Herries,rherries8q@constantcontact.com,Female,213.249.48.58
316,Quincy,Kowal,qkowal8r@feedburner.com,Male,251.18.101.88
317,Kally,Vasyuchov,kvasyuchov8s@spotify.com,Female,211.250.220.7
318,Cord,Stennine,cstennine8t@icq.com,Male,238.47.94.195
319,Margareta,McAlroy,mmcalroy8u@ovh.net,Female,194.200.109.103
320,Oren,Pucker,opucker8v@businessinsider.com,Male,218.204.27.17
321,Matty,Simmons,msimmons8w@msu.edu,Male,68.219.249.253
322,Raffaello,Fuzzard,rfuzzard8x@quantcast.com,Male,32.184.76.2
323,Vivienne,Edleston,vedleston8y@ucsd.edu,Female,56.205.91.149
324,Faythe,Arnhold,farnhold8z@alibaba.com,Female,148.127.108.180
325,Howie,Carne,hcarne90@etsy.com,Male,122.50.41.254
326,Andreas,Hellmore,ahellmore91@mediafire.com,Male,34.111.192.177
327,Nikolia,Worboys,nworboys92@bizjournals.com,Female,249.167.181.146
328,Meredeth,Barkshire,mbarkshire93@drupal.org,Male,180.146.71.15
329,Alex,Ankrett,aankrett94@yahoo.com,Male,180.168.235.53
330,Brietta,Vogele,bvogele95@yandex.ru,Female,131.74.169.128
331,Jenna,Oxbrough,joxbrough96@webeden.co.uk,Female,45.253.78.174
332,Lance,Hetterich,lhetterich97@google.it,Male,193.238.94.65
333,Maude,Widdop,mwiddop98@howstuffworks.com,Female,229.160.127.216
334,Hollyanne,Abdey,habdey99@huffingtonpost.com,Female,15.182.203.36
335,Adiana,Harcourt,aharcourt9a@webs.com,Female,59.121.165.166
336,Gabriella,Bick,gbick9b@wisc.edu,Female,211.205.92.143
337,Sallyann,Spinige,sspinige9c@edublogs.org,Female,114.231.32.210
338,Belita,Cochran,bcochran9d@senate.gov,Female,18.35.102.19
339,Duane,Treffrey,dtreffrey9e@wsj.com,Male,204.49.18.245
340,Massimo,Tunnick,mtunnick9f@si.edu,Male,167.18.61.173
341,Victor,Durant,vdurant9g@techcrunch.com,Male,157.0.26.213
342,Margret,Hatto,mhatto9h@discovery.com,Female,55.175.36.22
343,Alyda,Lincey,alincey9i@hao123.com,Female,56.187.77.162
344,Jaymie,Schankelborg,jschankelborg9j@vkontakte.ru,Male,6.139.175.140
345,Zebulen,Siggens,zsiggens9k@springer.com,Male,60.51.116.108
346,Mattias,Sandhill,msandhill9l@merriam-webster.com,Male,123.220.121.97
347,Kendall,Souster,ksouster9m@hhs.gov,Male,201.227.226.124
348,Katinka,Beese,kbeese9n@1688.com,Female,45.135.126.168
349,Shawn,Bodemeaid,sbodemeaid9o@cbslocal.com,Female,96.171.156.46
350,Kimbra,Broadwell,kbroadwell9p@netvibes.com,Female,203.90.38.21
351,Hallie,Frankowski,hfrankowski9q@wiley.com,Female,90.201.31.78
352,Clementius,Van Brug,cvanbrug9r@seattletimes.com,Male,80.167.178.99
353,Darice,Bond,dbond9s@posterous.com,Female,43.137.62.161
354,Essa,Crummay,ecrummay9t@phoca.cz,Female,79.54.232.19
355,Kandy,Gornar,kgornar9u@weibo.com,Female,26.240.98.124
356,Marcos,Newham,mnewham9v@marketwatch.com,Male,112.94.104.94
357,Filide,Roblett,froblett9w@usnews.com,Female,97.133.121.182
358,Vincents,Flipsen,vflipsen9x@psu.edu,Male,93.186.39.161
359,Christiane,Trahear,ctrahear9y@ftc.gov,Female,236.148.63.95
360,Ninnetta,Aleevy,naleevy9z@geocities.jp,Female,33.196.90.248
361,Cindra,Vennart,cvennarta0@admin.ch,Female,13.254.78.170
362,Sig,Fladgate,sfladgatea1@cpanel.net,Male,92.14.67.226
363,Lavinie,Bouskill,lbouskilla2@discovery.com,Female,207.192.138.78
364,Devin,Cardillo,dcardilloa3@businessweek.com,Female,244.81.104.233
365,Leticia,McCray,lmccraya4@uol.com.br,Female,48.140.208.204
366,Myriam,Cropper,mcroppera5@parallels.com,Female,87.168.44.181
367,Tanya,Blaby,tblabya6@so-net.ne.jp,Female,102.5.237.16
368,Gottfried,Livock,glivocka7@yellowbook.com,Male,93.10.243.187
369,Harley,Tonner,htonnera8@time.com,Male,18.122.36.141
370,Riley,Letixier,rletixiera9@narod.ru,Male,159.185.25.9
371,Nanon,McLernon,nmclernonaa@paypal.com,Female,223.255.16.252
372,Gris,Swinnard,gswinnardab@senate.gov,Male,187.223.162.183
373,Antonietta,Knewstub,aknewstubac@mozilla.org,Female,29.17.38.148
374,Farlee,Cosgriff,fcosgriffad@ebay.com,Male,25.238.143.181
375,Carmencita,Hindshaw,chindshawae@hud.gov,Female,94.201.171.192
376,Mariellen,Marsden,mmarsdenaf@mediafire.com,Female,163.19.13.183
377,Sarah,Nevett,snevettag@washington.edu,Female,100.74.13.229
378,Kirstyn,Fendley,kfendleyah@arstechnica.com,Female,180.227.220.88
379,Alistair,Hayward,ahaywardai@yahoo.co.jp,Male,25.182.109.235
380,Grace,Mangham,gmanghamaj@furl.net,Male,16.177.203.241
381,Yoshiko,Bolter,ybolterak@webmd.com,Female,165.44.43.129
382,Lucienne,Glenfield,lglenfieldal@reference.com,Female,120.149.14.17
383,Marcel,Stanislaw,mstanislawam@barnesandnoble.com,Male,220.229.98.84
384,Sadella,Sieghart,ssieghartan@tuttocitta.it,Female,147.72.145.217
385,Sydel,Kneebone,skneeboneao@indiatimes.com,Female,242.117.28.60
386,Holt,Woolmington,hwoolmingtonap@smh.com.au,Male,130.241.182.69
387,Berti,McLennan,bmclennanaq@smh.com.au,Male,191.3.91.104
388,Issie,Cadding,icaddingar@4shared.com,Female,102.101.113.99
389,Imojean,O' Brian,iobrianas@uiuc.edu,Female,110.184.105.181
390,Sisely,Gozzett,sgozzettat@cbc.ca,Female,105.235.9.6
391,Carlina,Bage,cbageau@webmd.com,Female,231.164.126.142
392,Hayes,Grunnell,hgrunnellav@abc.net.au,Male,223.185.170.145
393,Nonna,Montgomery,nmontgomeryaw@utexas.edu,Female,253.12.159.124
394,Heriberto,Wyre,hwyreax@smh.com.au,Male,101.16.218.175
395,Hamnet,Conws,hconwsay@columbia.edu,Male,128.117.170.214
396,Horacio,Healings,hhealingsaz@liveinternet.ru,Male,78.235.55.226
397,Bern,Hasker,bhaskerb0@cafepress.com,Male,165.86.33.224
398,Myca,Gouny,mgounyb1@bbc.co.uk,Male,127.63.83.53
399,Borden,Leynagh,bleynaghb2@wordpress.org,Male,239.163.156.47
400,Ashli,Dive,adiveb3@issuu.com,Female,229.124.3.195
401,Amata,Bernard,abernardb4@example.com,Female,197.224.206.75
402,Zabrina,Cristofor,zcristoforb5@newsvine.com,Female,252.58.202.45
403,Jesse,Gaymer,jgaymerb6@timesonline.co.uk,Female,160.36.131.181
404,Andy,Luto,alutob7@skyrock.com,Male,185.201.139.217
405,Devy,Squelch,dsquelchb8@sakura.ne.jp,Male,199.146.117.244
406,Sapphira,Ardling,sardlingb9@twitpic.com,Female,44.86.21.128
407,Englebert,Ecob,eecobba@elegantthemes.com,Male,88.0.73.232
408,Rickey,Fernandez,rfernandezbb@buzzfeed.com,Male,74.226.229.165
409,Eveline,Escot,eescotbc@prnewswire.com,Female,61.126.86.72
410,Emory,Woofenden,ewoofendenbd@gmpg.org,Male,25.155.70.38
411,Tatiana,Fewtrell,tfewtrellbe@t.co,Female,49.90.42.159
412,Karlotte,Tremollet,ktremolletbf@tmall.com,Female,47.192.218.124
413,Gill,Kupke,gkupkebg@java.com,Female,71.38.79.102
414,Emlynn,Schulze,eschulzebh@newyorker.com,Female,54.146.243.126
415,Birch,Lammers,blammersbi@photobucket.com,Male,181.157.164.41
416,Derek,Murton,dmurtonbj@marriott.com,Male,112.177.111.151
417,Holden,Ord,hordbk@miitbeian.gov.cn,Male,115.202.75.241
418,Burnaby,Marde,bmardebl@eepurl.com,Male,133.15.41.124
419,Krishna,McAusland,kmcauslandbm@pen.io,Male,167.91.212.238
420,Alonzo,Mosten,amostenbn@blog.com,Male,39.136.237.78
421,Anton,Tregenza,atregenzabo@slashdot.org,Male,107.119.243.179
422,Donnie,Izaks,dizaksbp@addthis.com,Female,211.57.170.130
423,Shelden,Kingshott,skingshottbq@drupal.org,Male,48.7.93.168
424,Murry,Kellegher,mkellegherbr@soundcloud.com,Male,154.86.194.126
425,Hinze,Fetherstonhaugh,hfetherstonhaughbs@google.it,Male,46.216.235.12
426,Merle,Shadwick,mshadwickbt@tmall.com,Female,146.175.125.5
427,Lesya,Brazener,lbrazenerbu@imdb.com,Female,239.21.64.51
428,Scotti,Binford,sbinfordbv@dagondesign.com,Male,214.222.200.255
429,Miner,Maggorini,mmaggorinibw@digg.com,Male,130.232.214.149
430,Glynn,Ord,gordbx@ebay.com,Male,190.104.72.51
431,Aubine,cornhill,acornhillby@google.com.br,Female,214.175.244.49
432,Roderic,Buttrum,rbuttrumbz@friendfeed.com,Male,33.185.187.36
433,Marguerite,Massie,mmassiec0@elpais.com,Female,6.205.65.222
434,Rennie,Norsworthy,rnorsworthyc1@printfriendly.com,Female,229.150.199.45
435,Esdras,Shearston,eshearstonc2@spiegel.de,Male,207.238.5.197
436,Addison,Graveson,agravesonc3@opensource.org,Male,0.67.222.41
437,Christyna,Di Iorio,cdiiorioc4@4shared.com,Female,210.98.144.133
438,Thurston,Domm,tdommc5@hexun.com,Male,97.233.65.213
439,Juieta,Willas,jwillasc6@disqus.com,Female,160.219.19.100
440,Jacqui,Geoghegan,jgeogheganc7@de.vu,Female,90.163.203.128
441,Merl,Ludlem,mludlemc8@ftc.gov,Female,151.88.131.173
442,Rudolf,Langsbury,rlangsburyc9@abc.net.au,Male,8.66.145.223
443,Cliff,Eastbury,ceastburyca@globo.com,Male,99.147.239.39
444,Rozella,Stegel,rstegelcb@virginia.edu,Female,219.238.62.241
445,Melitta,Slegg,msleggcc@cam.ac.uk,Female,194.183.227.215
446,Kesley,Rowlstone,krowlstonecd@si.edu,Female,228.94.204.179
447,Dougie,Ofen,dofence@oracle.com,Male,19.107.125.83
448,Cammy,Hodgen,chodgencf@over-blog.com,Female,146.196.83.16
449,Faulkner,Fowls,ffowlscg@nyu.edu,Male,76.245.148.108
450,Shurlocke,Levis,slevisch@amazon.co.jp,Male,147.15.80.147
451,Dalis,Cejka,dcejkaci@vinaora.com,Male,106.76.9.81
452,Benyamin,Aitchinson,baitchinsoncj@dot.gov,Male,114.12.241.192
453,Irvine,Jochen,ijochenck@abc.net.au,Male,66.207.66.16
454,Inger,Lilleman,ilillemancl@tinyurl.com,Female,8.157.36.49
455,Dosi,Conring,dconringcm@webs.com,Female,204.43.143.177
456,Toiboid,Upsale,tupsalecn@umich.edu,Male,66.50.185.142
457,Burke,Parysiak,bparysiakco@nationalgeographic.com,Male,252.175.24.36
458,Lois,Godain,lgodaincp@biblegateway.com,Female,159.202.61.252
459,Xenia,Growden,xgrowdencq@seesaa.net,Female,79.193.94.140
460,Corrine,Tschierasche,ctschieraschecr@live.com,Female,44.220.64.233
461,Rosetta,Filyashin,rfilyashincs@youku.com,Female,242.50.172.14
462,Cyndie,Cowely,ccowelyct@amazon.co.uk,Female,114.77.171.193
463,Jennica,Sweatland,jsweatlandcu@google.com.au,Female,212.170.167.16
464,Ty,Flewett,tflewettcv@flickr.com,Male,88.223.195.45
465,Jdavie,Sackes,jsackescw@dagondesign.com,Male,207.41.174.198
466,Templeton,Jenkin,tjenkincx@pinterest.com,Male,21.27.96.13
467,Ozzie,Elfleet,oelfleetcy@seattletimes.com,Male,237.250.251.188
468,Tabbatha,Ismay,tismaycz@livejournal.com,Female,254.238.183.204
469,Elfreda,Stampfer,estampferd0@imageshack.us,Female,25.199.146.43
470,Rosabelle,Shickle,rshickled1@infoseek.co.jp,Female,107.6.245.196
471,Traci,Ronci,troncid2@icq.com,Female,125.79.208.38
472,Christalle,Ganderton,cgandertond3@house.gov,Female,123.234.113.177
473,Way,Jessopp,wjessoppd4@cdbaby.com,Male,32.108.218.73
474,Bruce,Emerton,bemertond5@fastcompany.com,Male,245.240.245.74
475,Cecily,Geer,cgeerd6@theatlantic.com,Female,109.82.171.81
476,Bailie,Lavallie,blavallied7@cnn.com,Male,118.116.99.85
477,Trixy,Humbles,thumblesd8@gov.uk,Female,182.206.77.184
478,Todd,Larive,tlarived9@feedburner.com,Male,164.186.182.102
479,Marwin,Umfrey,mumfreyda@mysql.com,Male,44.153.248.94
480,Ferrel,Pritchard,fpritcharddb@twitpic.com,Male,34.248.47.50
481,Estele,Matterface,ematterfacedc@amazonaws.com,Female,133.118.178.151
482,Tiff,Hince,thincedd@1und1.de,Female,160.148.149.139
483,Isabel,Bridgens,ibridgensde@constantcontact.com,Female,42.69.56.91
484,Ariel,Manjot,amanjotdf@symantec.com,Female,76.92.108.14
485,Roda,Jopke,rjopkedg@newsvine.com,Female,125.25.192.101
486,Talbot,Hub,thubdh@independent.co.uk,Male,115.83.49.30
487,Russell,Paradis,rparadisdi@mozilla.org,Male,78.28.3.193
488,Chrysler,Powderham,cpowderhamdj@marriott.com,Female,248.56.247.245
489,Nelia,Romero,nromerodk@google.es,Female,0.196.61.1
490,Con,Graeme,cgraemedl@goodreads.com,Male,43.155.190.66
491,Raffarty,Corneliussen,rcorneliussendm@wikia.com,Male,162.128.170.130
492,Frederico,Shird,fshirddn@dailymotion.com,Male,33.53.176.121
493,Cherry,Myrie,cmyriedo@cloudflare.com,Female,7.143.107.243
494,Evered,Chidlow,echidlowdp@phoca.cz,Male,114.216.230.161
495,Hersh,Spurrior,hspurriordq@usgs.gov,Male,169.146.34.51
496,Anton,Stubbin,astubbindr@china.com.cn,Male,63.119.115.53
497,May,Moggie,mmoggieds@photobucket.com,Female,49.139.242.186
498,Tanya,Velareal,tvelarealdt@ibm.com,Female,145.137.139.119
499,Maribel,Brakespear,mbrakespeardu@economist.com,Female,80.224.151.89
500,Rennie,Tiptaft,rtiptaftdv@hugedomains.com,Female,170.193.254.134
501,Sophey,Calken,scalkendw@quantcast.com,Female,70.85.222.194
502,Sisely,Perrinchief,sperrinchiefdx@soundcloud.com,Female,194.249.184.189
503,Fields,Jorck,fjorckdy@webmd.com,Male,189.131.247.177
504,Valentino,Costellow,vcostellowdz@independent.co.uk,Male,43.87.154.70
505,Blythe,Keighly,bkeighlye0@epa.gov,Female,2.99.30.24
506,Shayne,Wakeman,swakemane1@oakley.com,Female,76.24.129.188
507,Nydia,Hissett,nhissette2@addtoany.com,Female,93.36.166.213
508,Upton,Tout,utoute3@ocn.ne.jp,Male,206.15.12.98
509,Torin,De La Cote,tdelacotee4@stanford.edu,Male,169.66.74.255
510,Pollyanna,O'Cannovane,pocannovanee5@lulu.com,Female,101.86.244.171
511,Violet,Fullard,vfullarde6@chicagotribune.com,Female,127.237.102.5
512,Tressa,Ziemens,tziemense7@freewebs.com,Female,230.166.153.54
513,Josepha,Vearncombe,jvearncombee8@tinypic.com,Female,42.93.252.69
514,Dayna,Tessier,dtessiere9@360.cn,Female,53.152.72.40
515,Nina,Eatock,neatockea@ustream.tv,Female,182.40.64.121
516,Kristyn,Pringuer,kpringuereb@squarespace.com,Female,250.8.201.76
517,Edithe,Dirkin,edirkinec@arstechnica.com,Female,129.68.72.158
518,Marguerite,Le - Count,mlecounted@geocities.jp,Female,131.202.166.40
519,Collin,Youle,cyouleee@house.gov,Male,192.72.222.38
520,Brok,Pennick,bpennickef@tmall.com,Male,106.171.192.70
521,Morly,Twinterman,mtwintermaneg@irs.gov,Male,210.170.108.24
522,Gib,Colliber,gcollibereh@washingtonpost.com,Male,19.205.92.206
523,Fianna,Sobey,fsobeyei@woothemes.com,Female,30.49.242.19
524,Tabbi,Gissop,tgissopej@dagondesign.com,Female,198.163.23.45
525,Eugenius,Grimsdell,egrimsdellek@360.cn,Male,169.198.171.142
526,Florina,Sweynson,fsweynsonel@ucoz.ru,Female,62.192.42.33
527,Xavier,Fley,xfleyem@amazon.co.uk,Male,69.129.196.192
528,Danika,Humby,dhumbyen@shutterfly.com,Female,106.49.108.132
529,Sukey,Fenning,sfenningeo@goodreads.com,Female,223.38.98.113
530,Ammamaria,Summons,asummonsep@macromedia.com,Female,219.158.54.225
531,Witty,Hubert,whuberteq@drupal.org,Male,240.160.245.164
532,Iago,Arkin,iarkiner@cloudflare.com,Male,162.161.228.238
533,Donall,Clynter,dclynteres@ifeng.com,Male,207.178.228.36
534,Clementius,Briars,cbriarset@wunderground.com,Male,157.85.48.92
535,Roxana,Hurich,rhuricheu@infoseek.co.jp,Female,206.165.149.91
536,Effie,Gebbe,egebbeev@wordpress.com,Female,71.162.235.185
537,Maximilianus,Pressnell,mpressnellew@tinyurl.com,Male,58.181.135.249
538,Junie,Bown,jbownex@fda.gov,Female,181.129.184.130
539,Norine,Tansly,ntanslyey@uol.com.br,Female,40.192.163.0
540,Irina,Padwick,ipadwickez@ycombinator.com,Female,135.106.137.161
541,Isador,Vannucci,ivannuccif0@hp.com,Male,141.20.201.4
542,Nikola,Dunk,ndunkf1@statcounter.com,Male,232.165.127.169
543,Gordie,Brandts,gbrandtsf2@tumblr.com,Male,93.17.200.216
544,Ralph,Sleightholme,rsleightholmef3@netlog.com,Male,92.159.28.72
545,Saundra,Santer,ssanterf4@wiley.com,Male,108.70.45.187
546,Lissie,Ducker,lduckerf5@goo.gl,Female,117.159.200.125
547,Rainer,Southey,rsoutheyf6@forbes.com,Male,180.177.145.209
548,Rodie,Pallin,rpallinf7@wp.com,Female,178.25.245.96
549,Aubree,Gentsch,agentschf8@washingtonpost.com,Female,92.162.143.139
550,Felicdad,Gerardeaux,fgerardeauxf9@ameblo.jp,Female,72.184.36.205
551,Brien,Paulsson,bpaulssonfa@nature.com,Male,171.15.105.250
552,Scarlet,Coalburn,scoalburnfb@tripod.com,Female,18.194.178.130
553,Bobbi,Bibb,bbibbfc@chronoengine.com,Female,85.199.101.212
554,Ward,Loxley,wloxleyfd@linkedin.com,Male,97.161.55.175
555,Renae,Dooney,rdooneyfe@theguardian.com,Female,61.133.215.44
556,Carlen,Earley,cearleyff@dropbox.com,Female,0.109.103.251
557,Earvin,Mackness,emacknessfg@blogs.com,Male,4.82.183.56
558,Jens,Dalliwatr,jdalliwatrfh@nymag.com,Male,236.186.170.145
559,Axe,MacIan,amacianfi@freewebs.com,Male,233.147.159.220
560,Ariana,Spaldin,aspaldinfj@mozilla.com,Female,112.211.20.121
561,Yorke,Dohrmann,ydohrmannfk@weibo.com,Male,73.138.0.107
562,Osbourn,Heald,ohealdfl@cbc.ca,Male,75.142.233.231
563,Laverne,Dufty,lduftyfm@blogger.com,Female,207.70.59.0
564,Heinrik,Rippingall,hrippingallfn@vinaora.com,Male,216.81.221.98
565,Alley,Glendzer,aglendzerfo@google.com.br,Male,192.111.113.158
566,Bevin,Wain,bwainfp@illinois.edu,Male,30.212.191.97
567,Eleni,Tidbald,etidbaldfq@who.int,Female,52.171.99.217
568,Jaquelin,McEllen,jmcellenfr@ucoz.com,Female,20.157.242.79
569,Petronille,Hancke,phanckefs@trellian.com,Female,214.14.113.20
570,Clayson,Gotecliffe,cgotecliffeft@odnoklassniki.ru,Male,139.15.34.88
571,Robby,McMyler,rmcmylerfu@odnoklassniki.ru,Male,140.41.48.1
572,Carlie,Hodinton,chodintonfv@ca.gov,Female,73.135.89.225
573,Elbertine,Kynan,ekynanfw@deliciousdays.com,Female,32.45.255.165
574,Clevie,Mourant,cmourantfx@ucoz.com,Male,50.64.38.189
575,Barbette,Vanichev,bvanichevfy@dmoz.org,Female,126.10.29.189
576,Cos,Andrejs,candrejsfz@creativecommons.org,Male,239.151.145.85
577,Eleen,Mosco,emoscog0@netlog.com,Female,97.170.61.140
578,Westbrook,Redsull,wredsullg1@loc.gov,Male,25.237.160.165
579,Quinta,Janus,qjanusg2@netscape.com,Female,166.253.63.166
580,Constancia,Kenningham,ckenninghamg3@sciencedaily.com,Female,16.213.203.234
581,Reidar,Statefield,rstatefieldg4@guardian.co.uk,Male,52.193.1.178
582,Lewes,Dawidowicz,ldawidowiczg5@google.de,Male,135.109.15.223
583,Selia,Ferronier,sferronierg6@telegraph.co.uk,Female,185.223.180.4
584,Caryl,Tire,ctireg7@amazon.co.jp,Male,21.2.200.83
585,Angelle,Thorrington,athorringtong8@netlog.com,Female,51.210.118.36
586,Gay,Jost,gjostg9@mlb.com,Female,180.212.101.179
587,Dill,Golden of Ireland,dgoldenofirelandga@squarespace.com,Male,64.132.124.59
588,Lolly,Vogeler,lvogelergb@friendfeed.com,Female,37.178.59.254
589,Darryl,Pattle,dpattlegc@reference.com,Female,15.176.234.35
590,Carr,Dowrey,cdowreygd@live.com,Male,238.219.89.87
591,Jodee,Kisby,jkisbyge@wisc.edu,Female,202.192.62.196
592,Jervis,Kliner,jklinergf@example.com,Male,123.165.125.20
593,Vinnie,Claque,vclaquegg@tinyurl.com,Female,23.139.58.215
594,Sydelle,Geldard,sgeldardgh@statcounter.com,Female,160.1.117.3
595,Theresina,Calyton,tcalytongi@businesswire.com,Female,141.48.159.183
596,Dulciana,Savory,dsavorygj@reuters.com,Female,175.163.191.216
597,Leandra,Dorin,ldoringk@newsvine.com,Female,117.34.80.0
598,Coriss,Cardus,ccardusgl@ucsd.edu,Female,233.19.103.191
599,Errick,Thornton,ethorntongm@alibaba.com,Male,206.251.191.96
600,Mayor,Comusso,mcomussogn@360.cn,Male,250.188.4.33
601,Godfry,Chadburn,gchadburngo@google.com,Male,127.22.220.89
602,Shea,Woof,swoofgp@bloomberg.com,Female,168.234.171.205
603,Trey,Coggins,tcogginsgq@usgs.gov,Male,202.129.19.67
604,Belle,Setchfield,bsetchfieldgr@bravesites.com,Female,223.86.8.244
605,Packston,Perillio,pperilliogs@webs.com,Male,111.137.21.225
606,Barb,Georg,bgeorggt@businessinsider.com,Female,114.251.34.34
607,Katrina,MacCheyne,kmaccheynegu@icq.com,Female,80.87.96.118
608,Kissiah,Petrillo,kpetrillogv@washingtonpost.com,Female,198.110.143.146
609,Brig,Petrik,bpetrikgw@woothemes.com,Male,34.203.249.49
610,Walliw,Sammonds,wsammondsgx@wikipedia.org,Female,178.122.247.19
611,Madelyn,Eloi,meloigy@usnews.com,Female,170.236.34.92
612,Tonnie,Tivnan,ttivnangz@hp.com,Male,185.111.186.195
613,Drusy,Strowlger,dstrowlgerh0@examiner.com,Female,83.196.96.28
614,Jaclin,Hammarberg,jhammarbergh1@exblog.jp,Female,231.151.238.187
615,Augusto,Tadman,atadmanh2@livejournal.com,Male,114.163.161.45
616,Meryl,Lapidus,mlapidush3@merriam-webster.com,Male,201.123.213.74
617,Dag,Mounter,dmounterh4@shutterfly.com,Male,45.219.158.197
618,Maiga,Surgeoner,msurgeonerh5@nps.gov,Female,4.69.47.229
619,Olin,Mileham,omilehamh6@bloglines.com,Male,243.141.212.113
620,Isobel,Halliday,ihallidayh7@pen.io,Female,38.193.86.84
621,Dillon,Bailie,dbailieh8@columbia.edu,Male,99.122.242.206
622,Hilliary,Bradden,hbraddenh9@google.com.au,Female,234.74.236.191
623,Sella,Gapper,sgapperha@cnbc.com,Female,18.33.80.140
624,Khalil,Kerr,kkerrhb@nytimes.com,Male,131.197.202.121
625,Gib,Janiak,gjaniakhc@dagondesign.com,Male,86.71.28.102
626,Deanna,Bubbings,dbubbingshd@unesco.org,Female,129.120.93.96
627,Alyson,Timperley,atimperleyhe@hostgator.com,Female,70.234.11.75
628,Ebony,Zemler,ezemlerhf@pagesperso-orange.fr,Female,146.138.116.38
629,Sheena,Ornillos,sornilloshg@webmd.com,Female,22.36.206.235
630,Umberto,Goalby,ugoalbyhh@sitemeter.com,Male,217.70.130.176
631,Elfie,Whittall,ewhittallhi@jugem.jp,Female,153.145.195.36
632,Renado,Peacock,rpeacockhj@bloglovin.com,Male,177.76.239.5
633,Darryl,Trueman,dtruemanhk@instagram.com,Female,54.83.150.115
634,Candie,Pauleit,cpauleithl@addtoany.com,Female,145.212.49.98
635,Johanna,Elfes,jelfeshm@alexa.com,Female,81.133.133.186
636,Anne-marie,Alexander,aalexanderhn@scientificamerican.com,Female,204.16.63.163
637,Ebba,Halfacre,ehalfacreho@pcworld.com,Female,199.31.59.97
638,Zared,Pyett,zpyetthp@dailymotion.com,Male,185.236.121.123
639,Niccolo,Kerton,nkertonhq@whitehouse.gov,Male,100.237.188.197
640,Terrell,Duckham,tduckhamhr@unblog.fr,Male,83.183.255.186
641,Anjela,Dansie,adansiehs@oracle.com,Female,247.248.113.17
642,Morgan,Slipper,mslipperht@drupal.org,Female,196.210.89.192
643,Orson,Beadel,obeadelhu@indiatimes.com,Male,190.202.140.27
644,Nonnah,Okey,nokeyhv@loc.gov,Female,91.107.72.102
645,Kass,Goodliffe,kgoodliffehw@nydailynews.com,Female,104.32.51.74
646,Oliver,Northey,onortheyhx@gmpg.org,Male,110.152.132.161
647,Hortensia,Pechell,hpechellhy@dyndns.org,Female,149.97.9.187
648,Ciro,Bellworthy,cbellworthyhz@a8.net,Male,198.115.127.69
649,Briggs,Vlasyuk,bvlasyuki0@samsung.com,Male,169.183.183.57
650,Ninnette,Peplaw,npeplawi1@360.cn,Female,152.109.241.183
651,Kalindi,Buggs,kbuggsi2@reference.com,Female,53.220.141.112
652,Penny,Hullin,phullini3@twitter.com,Male,161.200.119.137
653,Martina,Lesser,mlesseri4@gmpg.org,Female,40.67.205.30
654,Lainey,Brotherick,lbrothericki5@godaddy.com,Female,218.207.167.253
655,Zuzana,Lyall,zlyalli6@usnews.com,Female,37.224.172.199
656,Saundra,Simmans,ssimmansi7@bigcartel.com,Male,8.111.249.32
657,Faulkner,Bilbie,fbilbiei8@devhub.com,Male,38.217.160.132
658,Joshua,Minster,jminsteri9@nifty.com,Male,181.83.86.105
659,Martino,Milburn,mmilburnia@wikia.com,Male,199.139.90.161
660,Marshall,Barbisch,mbarbischib@devhub.com,Male,211.145.68.12
661,Sheffield,Antonellini,santonelliniic@tiny.cc,Male,187.138.142.45
662,Nert,Deakes,ndeakesid@xing.com,Female,224.234.30.110
663,Che,Casiroli,ccasiroliie@purevolume.com,Male,89.230.74.64
664,Arte,Wark,awarkif@wired.com,Male,188.122.7.7
665,Gae,MacDonough,gmacdonoughig@go.com,Female,58.243.55.249
666,Lola,Roelofs,lroelofsih@smh.com.au,Female,147.222.245.128
667,Herve,Damrel,hdamrelii@cornell.edu,Male,32.132.193.214
668,Philip,Widger,pwidgerij@europa.eu,Male,3.188.191.186
669,Hedwig,Turl,hturlik@artisteer.com,Female,65.100.131.220
670,Law,Rix,lrixil@businessweek.com,Male,174.134.230.238
671,Edvard,McCarney,emccarneyim@ft.com,Male,248.35.254.122
672,Gunner,Bambridge,gbambridgein@unc.edu,Male,177.94.55.62
673,Saidee,Stannett,sstannettio@miibeian.gov.cn,Female,92.163.85.102
674,Meagan,McFeate,mmcfeateip@issuu.com,Female,52.254.175.243
675,Jonas,Poulson,jpoulsoniq@fotki.com,Male,196.4.8.103
676,Clifford,Albasiny,calbasinyir@usnews.com,Male,145.142.25.234
677,Freddi,Collyear,fcollyearis@liveinternet.ru,Female,52.126.61.137
678,Minnie,Spiers,mspiersit@godaddy.com,Female,0.212.81.167
679,Anette,Durtnell,adurtnelliu@npr.org,Female,90.10.20.72
680,Woodman,Deakan,wdeakaniv@rediff.com,Male,195.221.127.154
681,Nissy,Hellicar,nhellicariw@apache.org,Female,139.193.255.45
682,Byram,Pyke,bpykeix@discuz.net,Male,18.157.237.57
683,Benny,Hucknall,bhucknalliy@mozilla.org,Male,198.124.127.74
684,Eveleen,Mulvenna,emulvennaiz@slideshare.net,Female,121.40.216.244
685,Domenico,Gowans,dgowansj0@google.pl,Male,6.227.48.7
686,Eloise,Ritter,eritterj1@liveinternet.ru,Female,149.60.39.160
687,Genia,Stickells,gstickellsj2@shareasale.com,Female,147.101.5.216
688,Joelynn,Sayse,jsaysej3@xing.com,Female,232.25.248.253
689,Myer,Banner,mbannerj4@sohu.com,Male,209.222.168.40
690,Pattin,Eagan,peaganj5@cnn.com,Male,170.221.100.16
691,Alia,Klich,aklichj6@feedburner.com,Female,197.112.137.183
692,Diarmid,Bassil,dbassilj7@walmart.com,Male,92.213.187.216
693,Lanie,Crosswaite,lcrosswaitej8@tinyurl.com,Female,209.77.6.129
694,Daryl,Fullicks,dfullicksj9@behance.net,Male,246.63.175.19
695,Myca,Coveny,mcovenyja@liveinternet.ru,Male,126.113.35.89
696,Erroll,Perazzo,eperazzojb@cnn.com,Male,26.251.131.75
697,Stefan,Bothram,sbothramjc@apple.com,Male,111.130.117.239
698,Leonhard,Pobjoy,lpobjoyjd@netscape.com,Male,146.121.74.216
699,Tymon,Barks,tbarksje@unesco.org,Male,157.14.86.68
700,Neal,Pendle,npendlejf@slashdot.org,Male,33.241.125.163
701,Dosi,Oblein,dobleinjg@dedecms.com,Female,177.192.83.239
702,Stu,Dods,sdodsjh@whitehouse.gov,Male,126.71.97.111
703,Sydel,Woodyatt,swoodyattji@cargocollective.com,Female,153.214.167.147
704,Bernardo,O'Doghesty,bodoghestyjj@statcounter.com,Male,248.79.177.181
705,Maxine,Lebond,mlebondjk@nbcnews.com,Female,61.141.6.142
706,Emilee,Kareman,ekaremanjl@washington.edu,Female,225.201.24.126
707,Bank,Lawerence,blawerencejm@tuttocitta.it,Male,132.77.58.81
708,Cassius,Chipp,cchippjn@issuu.com,Male,15.2.65.102
709,Godwin,Capon,gcaponjo@webmd.com,Male,88.106.76.128
710,Val,Steffan,vsteffanjp@gravatar.com,Male,70.50.169.11
711,Marthena,Featherstonehaugh,mfeatherstonehaughjq@bigcartel.com,Female,25.171.212.122
712,Vasili,Pettigree,vpettigreejr@indiegogo.com,Male,211.25.249.253
713,Gunar,Byas,gbyasjs@hexun.com,Male,169.130.171.253
714,Tani,Illing,tillingjt@wired.com,Female,87.209.201.139
715,Yorke,Fihelly,yfihellyju@mozilla.org,Male,77.231.104.241
716,Danie,Hedingham,dhedinghamjv@businessweek.com,Male,102.129.26.20
717,Murdoch,Heddon,mheddonjw@nydailynews.com,Male,99.23.248.30
718,Clio,Peschet,cpeschetjx@ning.com,Female,147.221.4.65
719,Augustus,Baddow,abaddowjy@a8.net,Male,171.5.235.140
720,Izabel,Yeates,iyeatesjz@adobe.com,Female,12.168.236.146
721,Gabe,Peeke,gpeekek0@wikimedia.org,Male,57.1.255.125
722,Beck,Ciabatteri,bciabatterik1@w3.org,Male,111.147.237.73
723,Eartha,Hinksen,ehinksenk2@nsw.gov.au,Female,253.77.113.123
724,Ham,McGinty,hmcgintyk3@noaa.gov,Male,16.14.165.207
725,Massimo,Lippingwell,mlippingwellk4@blogs.com,Male,17.198.36.78
726,Aindrea,Goodere,agooderek5@wp.com,Female,42.198.118.172
727,Boothe,Dearing,bdearingk6@opera.com,Male,123.79.13.10
728,Arron,McGorman,amcgormank7@cpanel.net,Male,131.114.220.212
729,Kaycee,Dabrowski,kdabrowskik8@umn.edu,Female,19.185.183.153
730,Antonie,Willerson,awillersonk9@com.com,Female,21.73.191.114
731,Maddie,Emmatt,memmattka@examiner.com,Male,210.65.86.69
732,Jennette,Balaison,jbalaisonkb@diigo.com,Female,105.216.164.227
733,Clarabelle,Elleton,celletonkc@bluehost.com,Female,18.251.226.213
734,Bordy,Le Barre,blebarrekd@house.gov,Male,147.138.1.253
735,Eolanda,Held,eheldke@deliciousdays.com,Female,53.64.41.74
736,Betta,Butterick,bbutterickkf@google.com,Female,50.64.229.95
737,Brigg,Greeves,bgreeveskg@booking.com,Male,5.146.51.195
738,Margaret,Francecione,mfrancecionekh@msu.edu,Female,187.82.145.217
739,Shep,Rohlf,srohlfki@earthlink.net,Male,93.33.183.181
740,Gerik,Micco,gmiccokj@miitbeian.gov.cn,Male,203.128.9.66
741,Sigmund,Borkin,sborkinkk@hexun.com,Male,110.249.69.69
742,Carlie,Mulran,cmulrankl@opensource.org,Male,67.31.232.196
743,Erv,Wollaston,ewollastonkm@engadget.com,Male,119.93.12.88
744,Roland,MacIlurick,rmacilurickkn@deviantart.com,Male,97.124.106.10
745,Wallas,Orange,worangeko@mozilla.com,Male,93.165.131.73
746,Lilah,Shellibeer,lshellibeerkp@nbcnews.com,Female,52.246.76.20
747,Sawyer,MacSkeagan,smacskeagankq@whitehouse.gov,Male,194.36.35.190
748,Aldus,Addionizio,aaddioniziokr@slashdot.org,Male,173.151.85.144
749,Lilyan,Sigsworth,lsigsworthks@sfgate.com,Female,134.167.182.186
750,Rosana,Shearmur,rshearmurkt@list-manage.com,Female,82.17.0.224
751,Cord,Behnen,cbehnenku@hhs.gov,Male,66.79.72.64
752,Carling,Hambelton,chambeltonkv@economist.com,Male,232.47.194.88
753,Erroll,Dowber,edowberkw@4shared.com,Male,87.177.219.159
754,Coleman,Siddeley,csiddeleykx@comsenz.com,Male,87.128.234.47
755,Pattie,Kumaar,pkumaarky@hugedomains.com,Male,196.187.152.208
756,Mathilde,Minard,mminardkz@de.vu,Female,218.226.126.158
757,Melitta,Coombes,mcoombesl0@sitemeter.com,Female,36.240.235.33
758,Scarlett,Dubber,sdubberl1@oakley.com,Female,78.79.156.28
759,Nickie,Resdale,nresdalel2@google.it,Male,149.153.24.214
760,Roxanna,Harrow,rharrowl3@eepurl.com,Female,19.214.32.122
761,Guillema,Vittore,gvittorel4@cnbc.com,Female,69.221.199.147
762,Alanson,Gradon,agradonl5@sfgate.com,Male,48.88.27.236
763,Cyrill,Scriven,cscrivenl6@photobucket.com,Male,176.163.130.3
764,Giana,Blaver,gblaverl7@behance.net,Female,184.163.43.30
765,Simmonds,Majury,smajuryl8@com.com,Male,98.235.27.133
766,Klarrisa,Villa,kvillal9@cocolog-nifty.com,Female,120.236.172.241
767,Cyrillus,McKane,cmckanela@opensource.org,Male,24.187.111.114
768,Deidre,Mahaddy,dmahaddylb@chronoengine.com,Female,172.180.158.204
769,Nathalia,Matschek,nmatscheklc@nbcnews.com,Female,151.109.186.29
770,Dionis,Basilotta,dbasilottald@ebay.com,Female,1.26.203.53
771,Jonah,Le Jean,jlejeanle@jalbum.net,Male,242.249.207.174
772,Brant,Station,bstationlf@so-net.ne.jp,Male,145.8.237.47
773,Kally,Tebboth,ktebbothlg@vk.com,Female,254.124.241.248
774,Lindi,Cristofaro,lcristofarolh@printfriendly.com,Female,89.188.233.111
775,Pepita,Breward,pbrewardli@google.de,Female,52.221.254.209
776,Yank,Gosney,ygosneylj@yandex.ru,Male,63.54.52.224
777,Moina,Toffaloni,mtoffalonilk@cargocollective.com,Female,123.32.119.22
778,Hurley,Sherwin,hsherwinll@sitemeter.com,Male,240.47.20.29
779,Cosette,Bedenham,cbedenhamlm@tinypic.com,Female,66.235.75.189
780,Shirline,Musgrove,smusgroveln@nhs.uk,Female,85.43.210.117
781,Jdavie,Cabrara,jcabraralo@sohu.com,Male,65.236.96.101
782,Shelby,Durtnal,sdurtnallp@meetup.com,Male,75.67.91.198
783,Valerie,Paxeford,vpaxefordlq@ibm.com,Female,174.64.149.190
784,Josee,Sulland,jsullandlr@bizjournals.com,Female,94.86.130.3
785,Rebecca,Aveline,ravelinels@rambler.ru,Female,18.72.67.131
786,Alix,Mollatt,amollattlt@ebay.com,Male,88.84.78.162
787,Hermy,Wardlaw,hwardlawlu@newsvine.com,Male,61.217.182.185
788,Jock,Dosdill,jdosdilllv@loc.gov,Male,117.68.21.159
789,Lorraine,Durdy,ldurdylw@elegantthemes.com,Female,242.147.208.160
790,Wylma,Shilleto,wshilletolx@flavors.me,Female,205.199.34.19
791,Tremayne,Chevers,tcheversly@amazonaws.com,Male,174.212.43.140
792,Henka,Wondraschek,hwondrascheklz@microsoft.com,Female,190.36.48.153
793,Sileas,Hazley,shazleym0@microsoft.com,Female,150.32.132.64
794,Hershel,de Clerk,hdeclerkm1@yellowbook.com,Male,155.67.45.230
795,Zara,Eakley,zeakleym2@hexun.com,Female,251.49.144.220
796,Diane,Aldiss,daldissm3@google.com.hk,Female,240.205.180.104
797,Kris,Vater,kvaterm4@flavors.me,Female,12.247.197.245
798,Hanan,Eckhard,heckhardm5@census.gov,Male,99.73.125.169
799,Eleonore,Golden of Ireland,egoldenofirelandm6@netlog.com,Female,118.54.81.97
800,Lacy,Tribe,ltribem7@usnews.com,Female,200.75.149.38
801,Heinrick,Rankmore,hrankmorem8@newyorker.com,Male,207.133.97.20
802,Tamarah,McIntee,tmcinteem9@imageshack.us,Female,255.160.225.100
803,Morey,McGorman,mmcgormanma@nps.gov,Male,126.139.74.64
804,Leupold,Ponten,lpontenmb@dagondesign.com,Male,32.120.1.162
805,Gustavo,Yerrington,gyerringtonmc@cdbaby.com,Male,90.120.134.213
806,Vyky,Pincked,vpinckedmd@illinois.edu,Female,165.95.101.147
807,Aube,Olijve,aolijveme@arizona.edu,Male,246.111.35.140
808,Courtney,Relton,creltonmf@yahoo.com,Female,85.255.190.191
809,Con,Sparsholt,csparsholtmg@nbcnews.com,Female,181.180.10.67
810,Colleen,Tunnick,ctunnickmh@51.la,Female,55.230.205.190
811,Emily,Coster,ecostermi@usa.gov,Female,238.141.130.90
812,Ranee,Knibley,rknibleymj@hc360.com,Female,237.216.167.152
813,Winslow,Darrigrand,wdarrigrandmk@loc.gov,Male,120.240.245.132
814,Adella,Wake,awakeml@tiny.cc,Female,201.64.190.225
815,Lissy,Phipps,lphippsmm@livejournal.com,Female,185.111.38.28
816,Elwira,Gargett,egargettmn@wp.com,Female,41.23.242.161
817,Creighton,Genney,cgenneymo@cornell.edu,Male,50.101.210.88
818,Aloin,Brandenberg,abrandenbergmp@techcrunch.com,Male,81.62.105.78
819,Ferd,Cubley,fcubleymq@blogspot.com,Male,156.138.145.45
820,Harmonie,Gribbins,hgribbinsmr@linkedin.com,Female,74.193.95.210
821,Cullie,Fearnsides,cfearnsidesms@zdnet.com,Male,22.238.250.102
822,Raimondo,Lilbourne,rlilbournemt@youku.com,Male,220.100.249.234
823,Lonni,Calcott,lcalcottmu@mozilla.org,Female,8.103.9.169
824,Berkly,Staines,bstainesmv@ebay.co.uk,Male,70.112.181.46
825,Inger,Fright,ifrightmw@senate.gov,Male,19.240.31.224
826,Falkner,Lehon,flehonmx@bing.com,Male,90.207.243.223
827,Yolande,Doodney,ydoodneymy@unblog.fr,Female,174.237.214.219
828,Boniface,Messum,bmessummz@cocolog-nifty.com,Male,139.130.113.38
829,Ham,Karolewski,hkarolewskin0@businessinsider.com,Male,198.168.88.29
830,Cassius,Beddows,cbeddowsn1@amazon.co.jp,Male,88.176.73.19
831,Ginnifer,Georghiou,ggeorghioun2@imageshack.us,Female,94.115.162.220
832,Quint,Gripton,qgriptonn3@is.gd,Male,253.195.53.12
833,Charles,Antrobus,cantrobusn4@goo.gl,Male,250.126.164.176
834,Merrel,Schirak,mschirakn5@dropbox.com,Male,42.226.158.180
835,Reena,Teaser,rteasern6@dyndns.org,Female,7.211.157.134
836,Talia,Kennady,tkennadyn7@fotki.com,Female,201.211.245.221
837,Whitaker,Larvin,wlarvinn8@earthlink.net,Male,188.249.83.179
838,Bob,Batty,bbattyn9@yale.edu,Male,166.154.246.67
839,Field,Smeath,fsmeathna@bloglines.com,Male,127.238.84.207
840,Mandel,Huckerby,mhuckerbynb@nyu.edu,Male,171.134.194.69
841,Dene,Fortin,dfortinnc@storify.com,Male,40.102.242.217
842,Curtis,Gentil,cgentilnd@kickstarter.com,Male,217.202.103.103
843,Chrysa,Koles,ckolesne@people.com.cn,Female,76.148.250.235
844,Ron,Hebborn,rhebbornnf@google.co.jp,Male,101.214.254.246
845,Brenna,Piegrome,bpiegromeng@ucoz.ru,Female,224.25.162.9
846,Gabi,O'Heyne,goheynenh@slashdot.org,Male,149.124.1.158
847,Todd,Ridler,tridlerni@constantcontact.com,Male,95.42.131.38
848,Cale,Bryns,cbrynsnj@dropbox.com,Male,211.56.84.110
849,Katerine,Ary,karynk@tmall.com,Female,225.91.71.81
850,Car,Mulcahy,cmulcahynl@thetimes.co.uk,Male,35.49.79.27
851,Mercedes,Clews,mclewsnm@mashable.com,Female,174.91.236.43
852,Cornelle,Nisbet,cnisbetnn@nifty.com,Female,149.91.108.190
853,Gabbey,Rathborne,grathborneno@furl.net,Female,50.150.104.189
854,Bendicty,Potapczuk,bpotapczuknp@chron.com,Male,64.205.66.143
855,Rebeka,Fleischmann,rfleischmannnq@deliciousdays.com,Female,223.118.57.95
856,Reube,de Wilde,rdewildenr@tmall.com,Male,110.76.194.183
857,Drake,Merigot,dmerigotns@wordpress.com,Male,46.19.71.54
858,Kelci,Monck,kmoncknt@shutterfly.com,Female,41.29.218.240
859,Baudoin,Gianullo,bgianullonu@qq.com,Male,204.228.26.180
860,Martica,Risen,mrisennv@newyorker.com,Female,251.100.252.36
861,Anita,Gobeaux,agobeauxnw@uiuc.edu,Female,138.95.202.101
862,Klemens,Eccleston,kecclestonnx@washington.edu,Male,48.52.207.146
863,Obidiah,Royle,oroyleny@goo.gl,Male,206.235.147.144
864,Jasun,Macrow,jmacrownz@blog.com,Male,0.71.178.214
865,Xenia,Wabersich,xwabersicho0@fc2.com,Female,113.215.120.212
866,Cordi,Posnett,cposnetto1@geocities.jp,Female,0.6.144.196
867,Tedi,Bowes,tboweso2@canalblog.com,Female,90.31.238.155
868,Merwyn,Billows,mbillowso3@gravatar.com,Male,92.185.101.53
869,Darline,Applegate,dapplegateo4@mapy.cz,Female,217.34.197.202
870,Isaac,Bletso,ibletsoo5@rakuten.co.jp,Male,170.118.189.15
871,Tove,Clace,tclaceo6@adobe.com,Female,88.100.91.126
872,Janice,Beardow,jbeardowo7@chronoengine.com,Female,73.212.121.214
873,Hansiain,Yeld,hyeldo8@disqus.com,Male,100.230.153.229
874,Dallis,Haston,dhastono9@chron.com,Male,18.184.24.91
875,Alvera,Rabley,arableyoa@arstechnica.com,Female,6.107.251.216
876,Jerrie,Yosifov,jyosifovob@homestead.com,Male,144.16.215.121
877,Leontyne,Rookes,lrookesoc@networkadvertising.org,Female,235.235.240.192
878,Nehemiah,Beards,nbeardsod@wordpress.org,Male,215.181.32.249
879,Aldridge,Napoleone,anapoleoneoe@ibm.com,Male,109.116.44.180
880,Jourdain,Studholme,jstudholmeof@so-net.ne.jp,Male,153.117.246.153
881,Kennett,Ronaldson,kronaldsonog@paginegialle.it,Male,126.71.64.73
882,Georgi,Rupel,grupeloh@google.com,Male,75.14.131.58
883,Baxter,Vaudre,bvaudreoi@odnoklassniki.ru,Male,65.94.114.35
884,Butch,Dan,bdanoj@prnewswire.com,Male,59.48.63.44
885,Carlene,Stockau,cstockauok@friendfeed.com,Female,76.249.130.107
886,Lanna,Lutz,llutzol@amazon.de,Female,190.171.234.245
887,Tristam,Hawkeridge,thawkeridgeom@devhub.com,Male,38.188.234.223
888,Alfredo,Minette,aminetteon@ftc.gov,Male,43.216.126.118
889,Alic,Inchley,ainchleyoo@ehow.com,Male,84.174.153.148
890,Almira,Conkey,aconkeyop@vinaora.com,Female,146.147.244.77
891,Ximenes,Berry,xberryoq@timesonline.co.uk,Male,56.149.15.107
892,Dallis,Tudbald,dtudbaldor@europa.eu,Male,160.166.32.113
893,Pippo,Skuse,pskuseos@fotki.com,Male,213.81.136.189
894,Alejandro,Waplinton,awaplintonot@gravatar.com,Male,164.132.143.42
895,Coralie,Ropars,croparsou@bloomberg.com,Female,80.107.140.77
896,Obed,Brennen,obrennenov@opera.com,Male,139.131.44.65
897,Shawna,Oriel,sorielow@slate.com,Female,241.95.93.227
898,Vasily,Heare,vheareox@comcast.net,Male,99.85.180.201
899,Moishe,Tulleth,mtullethoy@netscape.com,Male,82.85.96.114
900,Constantine,Lovatt,clovattoz@facebook.com,Male,140.55.130.133
901,Jesus,Critoph,jcritophp0@php.net,Male,56.26.224.167
902,Noble,Pentony,npentonyp1@ox.ac.uk,Male,10.151.142.224
903,Beckie,Lemin,bleminp2@aboutads.info,Female,190.251.220.89
904,Roland,MacGinley,rmacginleyp3@facebook.com,Male,135.233.165.175
905,Essie,Jarvie,ejarviep4@twitpic.com,Female,151.34.106.48
906,Marley,Fouracre,mfouracrep5@wp.com,Female,115.79.223.131
907,Missie,Zmitruk,mzmitrukp6@ft.com,Female,169.16.182.197
908,Shayne,Pashan,spashanp7@timesonline.co.uk,Male,220.201.93.50
909,Ellsworth,Humbles,ehumblesp8@bigcartel.com,Male,9.106.92.84
910,Agnella,Baison,abaisonp9@utexas.edu,Female,88.139.183.48
911,Rourke,Gartery,rgarterypa@nsw.gov.au,Male,34.79.192.36
912,Natalina,Brown,nbrownpb@noaa.gov,Female,33.62.126.34
913,Thia,Doxey,tdoxeypc@ehow.com,Female,225.111.188.29
914,Wald,Tracey,wtraceypd@infoseek.co.jp,Male,27.22.5.56
915,Glen,Widger,gwidgerpe@livejournal.com,Female,15.180.108.10
916,Frasier,Gaule,fgaulepf@so-net.ne.jp,Male,198.91.17.56
917,Twyla,Bendin,tbendinpg@ucoz.ru,Female,59.12.65.244
918,Gery,Kenen,gkenenph@samsung.com,Male,178.79.34.140
919,Stanwood,Padell,spadellpi@msn.com,Male,3.121.199.143
920,Baily,Buckhurst,bbuckhurstpj@cbsnews.com,Male,82.127.14.154
921,Filmore,Skeemer,fskeemerpk@cargocollective.com,Male,175.167.227.178
922,Doralia,Ide,didepl@telegraph.co.uk,Female,74.116.40.93
923,Parker,Browett,pbrowettpm@purevolume.com,Male,220.202.95.194
924,Nertie,Blackie,nblackiepn@aboutads.info,Female,254.123.230.1
925,Rena,Mosconi,rmosconipo@altervista.org,Female,124.23.113.230
926,Jedidiah,Lowndesbrough,jlowndesbroughpp@squidoo.com,Male,194.246.191.59
927,Daron,Leggett,dleggettpq@tinyurl.com,Male,88.87.175.16
928,Nicholle,Geale,ngealepr@stanford.edu,Female,167.84.234.78
929,Lind,Jager,ljagerps@gov.uk,Female,201.117.164.197
930,Rivkah,Veregan,rvereganpt@wisc.edu,Female,96.172.68.249
931,Zilvia,Hannond,zhannondpu@mtv.com,Female,55.116.172.161
932,Teresita,Everwin,teverwinpv@prlog.org,Female,42.92.13.39
933,Irv,Middlemass,imiddlemasspw@cdc.gov,Male,209.53.228.248
934,Verene,Coldicott,vcoldicottpx@cpanel.net,Female,20.112.170.227
935,Mylo,Purcell,mpurcellpy@nps.gov,Male,50.165.72.184
936,Phelia,Keaton,pkeatonpz@npr.org,Female,99.20.232.147
937,Niccolo,Renon,nrenonq0@sitemeter.com,Male,35.102.126.3
938,Florette,De Blase,fdeblaseq1@webmd.com,Female,187.80.196.237
939,Jacinta,Keasley,jkeasleyq2@geocities.com,Female,223.207.9.49
940,Yalonda,Hutcheon,yhutcheonq3@stanford.edu,Female,122.96.219.236
941,Celene,Troni,ctroniq4@gnu.org,Female,104.241.14.71
942,Moore,Orsi,morsiq5@sakura.ne.jp,Male,67.189.205.198
943,Harbert,Bouskill,hbouskillq6@mit.edu,Male,75.8.207.235
944,Pippo,Preator,ppreatorq7@weather.com,Male,31.182.98.45
945,Florrie,Lindsay,flindsayq8@printfriendly.com,Female,90.55.164.198
946,Bartholemy,Autie,bautieq9@walmart.com,Male,23.117.148.140
947,Rois,Vice,rviceqa@delicious.com,Female,160.32.112.101
948,Ninetta,Borrott,nborrottqb@seesaa.net,Female,241.104.49.29
949,Maynard,Jervis,mjervisqc@cbc.ca,Male,95.182.206.199
950,Gussy,Wilkison,gwilkisonqd@narod.ru,Female,3.1.118.144
951,Elayne,Bilbrey,ebilbreyqe@nasa.gov,Female,230.222.2.55
952,Julianna,Raymont,jraymontqf@hhs.gov,Female,23.177.223.220
953,Aloin,Lomansey,alomanseyqg@ucla.edu,Male,96.249.3.33
954,Rosette,Skace,rskaceqh@t-online.de,Female,75.228.41.135
955,Missy,Eversfield,meversfieldqi@pcworld.com,Female,160.157.221.117
956,Joline,Tennison,jtennisonqj@princeton.edu,Female,105.157.248.159
957,Vivien,Braksper,vbraksperqk@examiner.com,Female,108.99.105.241
958,Jonah,Swatheridge,jswatheridgeql@pinterest.com,Male,130.31.170.221
959,Liesa,Bernette,lbernetteqm@shutterfly.com,Female,162.21.42.97
960,Vanya,McCahey,vmccaheyqn@studiopress.com,Female,175.171.130.147
961,Marlin,Phizacklea,mphizackleaqo@blogs.com,Male,208.101.1.31
962,Lanita,Khrishtafovich,lkhrishtafovichqp@gizmodo.com,Female,99.137.125.225
963,Lorrin,Oldis,loldisqq@abc.net.au,Female,96.42.233.236
964,Jannelle,Coase,jcoaseqr@hexun.com,Female,184.226.185.57
965,Skippy,North,snorthqs@ibm.com,Male,6.4.88.215
966,Trstram,Jennery,tjenneryqt@yahoo.co.jp,Male,113.54.83.56
967,Karola,Springle,kspringlequ@netvibes.com,Female,194.192.254.102
968,Izzy,Haldin,ihaldinqv@rambler.ru,Male,180.102.34.111
969,Bartel,Fernyhough,bfernyhoughqw@twitpic.com,Male,77.252.233.131
970,Minnaminnie,Losebie,mlosebieqx@discuz.net,Female,193.21.61.163
971,Karney,Cottem,kcottemqy@topsy.com,Male,139.16.68.204
972,Philbert,Lorenzetti,plorenzettiqz@exblog.jp,Male,11.30.4.185
973,Myrta,Sheering,msheeringr0@goo.ne.jp,Female,16.227.121.90
974,Morlee,Tooke,mtooker1@tamu.edu,Male,224.104.51.37
975,Freddy,Eskell,feskellr2@stumbleupon.com,Female,112.138.152.116
976,Suzanne,Dermott,sdermottr3@booking.com,Female,82.194.23.136
977,Lissy,Jackes,ljackesr4@thetimes.co.uk,Female,227.119.97.66
978,Eloisa,Scurry,escurryr5@tiny.cc,Female,57.204.230.236
979,Patrice,Romeril,promerilr6@irs.gov,Male,15.35.181.1
980,Gannon,Poulston,gpoulstonr7@cbc.ca,Male,81.76.219.31
981,Koo,Winspurr,kwinspurrr8@github.io,Female,224.9.18.184
982,Aime,Amberger,aambergerr9@blogtalkradio.com,Female,233.211.108.122
983,Arlette,Easdon,aeasdonra@pagesperso-orange.fr,Female,201.92.99.1
984,Emanuele,Polkinhorn,epolkinhornrb@shop-pro.jp,Male,192.148.110.22
985,Berke,Paolucci,bpaoluccirc@umich.edu,Male,183.227.48.9
986,Somerset,MacPake,smacpakerd@ebay.co.uk,Male,208.247.105.203
987,Earl,Breach,ebreachre@furl.net,Male,241.4.52.22
988,Aguie,Loidl,aloidlrf@google.com.au,Male,162.246.116.146
989,Gavra,Pirt,gpirtrg@abc.net.au,Female,204.241.81.119
990,Brana,Phelip,bpheliprh@list-manage.com,Female,211.110.92.34
991,Teodoro,Bonnet,tbonnetri@ed.gov,Male,198.238.147.30
992,Tawnya,Brannon,tbrannonrj@exblog.jp,Female,108.66.130.124
993,Sonnie,Laird-Craig,slairdcraigrk@google.co.uk,Male,241.34.74.247
994,Guinna,Klus,gklusrl@dailymotion.com,Female,41.240.18.28
995,Mauricio,Hierro,mhierrorm@answers.com,Male,77.75.133.213
996,Kayle,Hardaway,khardawayrn@jimdo.com,Female,251.119.28.192
997,Natalie,Yokel,nyokelro@networkadvertising.org,Female,221.0.104.220
998,Bo,Rudeforth,brudeforthrp@yandex.ru,Male,6.70.227.190
999,Ettore,Rasher,erasherrq@issuu.com,Male,151.12.126.71
1000,Merline,Panketh,mpankethrr@youtube.com,Female,161.77.250.131
